event_id,brand,perbowl_url
61805,"Natural Balance",https://perbowl.com/brands/natural-balance/
61806,Wellness,https://perbowl.com/brands/wellness/
61820,4health,https://perbowl.com/brands/4health/
61820,Canidae,https://perbowl.com/brands/canidae/
61820,"Kirkland Signature",https://perbowl.com/brands/kirkland-signature/
61820,"Taste of the Wild",https://perbowl.com/brands/taste-of-the-wild/
61845,Purina,https://perbowl.com/brands/purina/
62469,Pedigree,https://perbowl.com/brands/pedigree/
63454,"Nature’s Recipe",https://perbowl.com/brands/natures-recipe/
64581,4health,https://perbowl.com/brands/4health/
64581,"Diamond Naturals",https://perbowl.com/brands/diamond-naturals/
64663,Iams,https://perbowl.com/brands/iams/
66009,Eukanuba,https://perbowl.com/brands/eukanuba/
66009,Iams,https://perbowl.com/brands/iams/
66149,Purina,https://perbowl.com/brands/purina/
68425,"Science Diet",https://perbowl.com/brands/science-diet/
69103,Pedigree,https://perbowl.com/brands/pedigree/
69598,"Simply Nourish",https://perbowl.com/brands/simply-nourish/
69853,"Rachael Ray Nutrish",https://perbowl.com/brands/rachael-ray-nutrish/
71648,"Stella & Chewy’s",https://perbowl.com/brands/stella-chewys/
71789,Instinct,https://perbowl.com/brands/instinct/
72743,"Blue Buffalo",https://perbowl.com/brands/blue-buffalo/
72857,"Stella & Chewy’s",https://perbowl.com/brands/stella-chewys/
73463,Purina,https://perbowl.com/brands/purina/
73534,Fromm,https://perbowl.com/brands/fromm/
74256,"Blue Buffalo",https://perbowl.com/brands/blue-buffalo/
75402,Cesar,https://perbowl.com/brands/cesar/
76151,"Special Kitty",https://perbowl.com/brands/special-kitty/
76403,4health,https://perbowl.com/brands/4health/
76403,"Blue Buffalo",https://perbowl.com/brands/blue-buffalo/
76453,"Blue Buffalo",https://perbowl.com/brands/blue-buffalo/
76706,"Blue Buffalo",https://perbowl.com/brands/blue-buffalo/
77441,"Good Lovin’",https://perbowl.com/brands/good-lovin/
77476,WholeHearted,https://perbowl.com/brands/wholehearted/
79164,"Good Lovin’",https://perbowl.com/brands/good-lovin/
79291,"Kibbles ‘n Bits",https://perbowl.com/brands/kibbles-n-bits/
79291,"Ol’ Roy",https://perbowl.com/brands/ol-roy/
80152,Merrick,https://perbowl.com/brands/merrick/
82018,"Prescription Diet",https://perbowl.com/brands/prescription-diet/
82018,"Science Diet",https://perbowl.com/brands/science-diet/
82482,Purina,https://perbowl.com/brands/purina/
84423,"Special Kitty",https://perbowl.com/brands/special-kitty/
86569,Retriever,https://perbowl.com/brands/retriever/
86616,"Stella & Chewy’s",https://perbowl.com/brands/stella-chewys/
86870,Authority,https://perbowl.com/brands/authority/
87691,"Meow Mix",https://perbowl.com/brands/meow-mix/
87979,"Natural Balance",https://perbowl.com/brands/natural-balance/
88102,Freshpet,https://perbowl.com/brands/freshpet/
88269,Purina,https://perbowl.com/brands/purina/
88479,"Simply Nourish",https://perbowl.com/brands/simply-nourish/
88786,Fromm,https://perbowl.com/brands/fromm/
90470,Freshpet,https://perbowl.com/brands/freshpet/
91233,Purina,https://perbowl.com/brands/purina/
91551,"Royal Canin",https://perbowl.com/brands/royal-canin/
91662,Purina,https://perbowl.com/brands/purina/
91881,Purina,https://perbowl.com/brands/purina/
92990,Victor,https://perbowl.com/brands/victor/
93284,Retriever,https://perbowl.com/brands/retriever/
93333,Victor,https://perbowl.com/brands/victor/
93445,Retriever,https://perbowl.com/brands/retriever/
94657,Pedigree,https://perbowl.com/brands/pedigree/
99362,Pedigree,https://perbowl.com/brands/pedigree/
99719,Fromm,https://perbowl.com/brands/fromm/
